{"cameraMode":{"drawMode":0,"name":"Shaded","section":"Shading Mode"},"sceneLighting":true,"audioPlay":false,"sceneViewState":{"m_AlwaysRefresh":false,"showFog":true,"showSkybox":true,"showFlares":true,"showImageEffects":true,"showParticleSystems":true,"showVisualEffectGraphs":true,"m_FxEnabled":true},"in2DMode":false,"pivot":{"x":575.4602661132813,"y":216.82608032226563,"z":803.579833984375},"rotation":{"x":-0.027306053787469865,"y":-0.000902762112673372,"z":0.00002767786463664379,"w":-0.9996342062950134},"size":706.0195922851563,"orthographic":false}